City_ID,City,Lat,Lng,Max Temp,Humidity,Cloudiness,Wind Speed,Country,Current Description
0,Rikitea,-23.1203,-134.9692,299.08,69,100,4.4,PF,overcast clouds
1,Shyryayeve,47.3805,30.1964,267.7,94,100,2.55,UA,overcast clouds
2,Lackawanna,42.8256,-78.8234,267.59,68,40,5.66,US,scattered clouds
3,Dukat,62.55,155.55,253.04,88,100,2.42,RU,overcast clouds
4,Broome,42.2506,-75.833,270.15,33,1,3.09,US,clear sky
5,Dikson,73.5069,80.5464,239.53,86,89,4.26,RU,overcast clouds
6,Victoria,22.2855,114.1577,292.04,62,0,3.34,HK,clear sky
7,Georgetown,5.4112,100.3354,299.15,83,20,0.51,MY,few clouds
8,Houma,29.5958,-90.7195,286.48,94,90,3.09,US,overcast clouds
9,Castro,-24.7911,-50.0119,289.1,91,0,4.21,BR,clear sky
10,Aklavik,68.2191,-135.0107,251.15,71,90,4.63,CA,overcast clouds
11,Tromso,69.6496,18.957,270.15,93,75,5.66,NO,light snow
12,Nevelsk,46.6733,141.8633,251.15,77,33,3,RU,scattered clouds
13,Hobart,-42.8794,147.3294,291.48,59,75,6.17,AU,broken clouds
14,Avarua,-21.2078,-159.775,303.15,70,69,5.66,CK,broken clouds
15,Longyearbyen,78.2186,15.6401,266.15,79,75,5.14,SJ,broken clouds
16,Chuy,-33.6971,-53.4616,292.97,84,0,4.9,UY,clear sky
17,Luderitz,-26.6481,15.1594,293.83,61,0,9.63,NA,clear sky
18,Vardo,70.3705,31.1107,270.46,95,100,12.66,NO,light snow
19,Ekhabi,53.5102,142.9671,255.25,93,100,4.26,RU,overcast clouds
20,Vila Franca Do Campo,37.7167,-25.4333,288.71,94,75,8.75,PT,broken clouds
21,Punta Arenas,-53.15,-70.9167,286.15,58,40,10.29,CL,scattered clouds
22,Khatanga,71.9667,102.5,235.51,78,0,3.63,RU,clear sky
23,Lebu,-37.6167,-73.65,288.37,91,56,1.47,CL,broken clouds
24,Tateyama,34.9833,139.8667,284.82,76,20,2.06,JP,few clouds
25,Atuona,-9.8,-139.0333,299.97,76,83,8.67,PF,broken clouds
26,Alofi,-19.0595,-169.9187,303.15,74,100,5.14,NU,moderate rain
27,Mahebourg,-20.4081,57.7,298.15,83,20,1.54,MU,few clouds
28,Ilulissat,69.2167,-51.1,268.15,46,7,13.38,GL,light snow
29,La Ronge,55.1001,-105.2842,244.15,57,85,2.57,CA,overcast clouds
30,San Patricio,28.017,-97.5169,297.15,46,1,5.14,US,clear sky
31,Kavieng,-2.5744,150.7967,302.36,67,79,1.45,PG,broken clouds
32,Fairbanks,64.8378,-147.7164,252.59,77,90,0.34,US,light snow
33,Namatanai,-3.6667,152.4333,302.12,67,72,1.88,PG,broken clouds
34,Busselton,-33.65,115.3333,288.15,98,100,0.89,AU,light rain
35,Ushuaia,-54.8,-68.3,284.15,76,40,9.77,AR,scattered clouds
36,Mar Del Plata,-38.0023,-57.5575,290.93,77,20,5.66,AR,few clouds
37,Butaritari,3.0707,172.7902,300.49,80,92,9.19,KI,overcast clouds
38,Jamestown,42.097,-79.2353,265.15,53,1,3.09,US,clear sky
39,Chokurdakh,70.6333,147.9167,242.7,86,38,1.49,RU,scattered clouds
40,Coldingham,55.8868,-2.157,274.26,97,100,4.47,GB,light snow
41,Ahipara,-35.1667,173.1667,295.49,58,95,1.64,NZ,overcast clouds
42,Matara,5.9485,80.5353,296.34,89,97,2.34,LK,overcast clouds
43,Hermanus,-34.4187,19.2345,293.15,89,80,0.89,ZA,light rain
44,Khombole,14.7667,-16.7,293.15,68,96,9.26,SN,overcast clouds
45,Saint-Philippe,-21.3585,55.7679,299.15,78,40,2.57,RE,light rain
46,Kodiak,57.79,-152.4072,277.15,56,20,2.06,US,few clouds
47,Hasaki,35.7333,140.8333,280.15,61,20,3.09,JP,few clouds
48,Bluff,-46.6,168.3333,289.45,68,2,2.86,NZ,clear sky
49,Cockburn Town,21.4612,-71.1419,298.15,78,40,7.72,TC,scattered clouds
50,Chicama,-7.8447,-79.1469,294.15,88,75,5.14,PE,fog
51,Sioux Lookout,50.1001,-91.917,248.15,70,90,6.17,CA,snow
52,Carnarvon,-24.8667,113.6333,300.15,100,24,5.14,AU,few clouds
53,Mount Isa,-20.7333,139.5,297.15,100,90,3.6,AU,moderate rain
54,Zhigansk,66.7697,123.3711,233.96,80,97,5.76,RU,overcast clouds
55,Yellowknife,62.456,-114.3525,235.15,67,1,1.54,CA,mist
56,Lebowakgomo,-24.2,29.5,293.15,88,0,1.38,ZA,clear sky
57,Tahoua,14.8888,5.2692,294.07,21,67,5.13,NE,broken clouds
58,Pacifica,37.6138,-122.4869,289.26,82,1,6.17,US,haze
59,Esperance,-33.8667,121.9,288.15,100,90,6.17,AU,light rain
60,Cape Town,-33.9258,18.4232,294.82,78,20,4.63,ZA,few clouds
61,Kapaa,22.0752,-159.319,297.04,49,75,4.12,US,broken clouds
62,Hithadhoo,-0.6,73.0833,300.79,74,22,5.96,MV,few clouds
63,Tuktoyaktuk,69.4541,-133.0374,246.15,76,90,10.8,CA,snow
64,Arraial Do Cabo,-22.9661,-42.0278,297.36,83,100,2.34,BR,overcast clouds
65,Santa Cruz,-17.8,-63.1667,302.15,51,20,1.03,BO,few clouds
66,Morehead,37.2711,-87.1764,279.15,52,90,1.88,US,overcast clouds
67,Kungurtug,50.5994,97.5228,255.13,85,26,0.95,RU,scattered clouds
68,Salalah,17.0151,54.0924,296.15,68,75,2.57,OM,broken clouds
69,Ostrovnoy,68.0531,39.5131,259.86,90,98,4.83,RU,overcast clouds
70,Ibra,22.6906,58.5334,282.6,80,0,0.43,OM,clear sky
71,Anyksciai,55.5256,25.1026,255.82,94,47,1.29,LT,scattered clouds
72,Korla,41.7597,86.1469,269.35,86,0,0.92,CN,clear sky
73,Nikolskoye,59.7035,30.7861,260.15,78,20,7,RU,light snow
74,Bredasdorp,-34.5322,20.0403,294.15,68,63,2.57,ZA,broken clouds
75,Tasiilaq,65.6145,-37.6368,274.15,60,75,15.43,GL,light rain
76,Ribeira Grande,38.5167,-28.7,289.29,87,98,9.89,PT,overcast clouds
77,Port Alfred,-33.5906,26.891,293.15,89,43,1.34,ZA,scattered clouds
78,Half Moon Bay,37.4636,-122.4286,292.15,82,1,6.17,US,haze
79,Aktash,50.3,87.7333,256.14,88,0,2.87,RU,clear sky
80,Hilo,19.7297,-155.09,300.15,41,1,4.12,US,clear sky
81,Jiangyou,31.7667,104.7167,280.93,62,75,1.58,CN,broken clouds
82,Port Hawkesbury,45.6169,-61.3485,274.26,86,90,7.2,CA,light rain
83,Bengkulu,-3.8004,102.2655,298.06,74,100,1.88,ID,overcast clouds
84,Tiksi,71.6872,128.8694,241.09,84,100,2.04,RU,overcast clouds
85,Ponta Do Sol,32.6667,-17.1,285.37,68,11,0.45,PT,few clouds
86,Albany,42.6001,-73.9662,271.48,43,1,4.12,US,clear sky
87,Leh,34.1667,77.5833,257.84,50,0,0.73,IN,clear sky
88,Puerto Ayora,-0.7393,-90.3518,298.71,91,62,1.34,EC,broken clouds
89,Qaanaaq,77.484,-69.3632,260.98,86,99,3.27,GL,overcast clouds
90,Anadyr,64.75,177.4833,250.37,77,0,3,RU,clear sky
91,Cidreira,-30.1811,-50.2056,294.19,74,63,2.05,BR,broken clouds
92,Tadine,-21.55,167.8833,301.38,68,0,1.52,NC,clear sky
93,Opuwo,-18.0607,13.84,296.29,41,97,1.87,NA,overcast clouds
94,Santa Rosa,14.3122,121.1114,299.82,88,40,4.34,PH,scattered clouds
95,Provideniya,64.3833,-173.3,256.5,89,35,2.28,RU,scattered clouds
96,Sangar,63.9242,127.4739,233.75,78,60,2.73,RU,broken clouds
97,Oranjemund,-28.55,16.4333,291.3,92,38,6.99,NA,scattered clouds
98,Gizo,-8.103,156.8419,301.04,74,100,0.84,SB,light rain
99,Saskylakh,71.9167,114.0833,232.4,78,42,3.39,RU,scattered clouds
100,Vestmanna,62.1564,-7.1664,275.15,60,40,8.75,FO,scattered clouds
101,Qunduz,36.729,68.857,283.8,45,69,1.61,AF,broken clouds
102,Mataura,-46.1927,168.8643,298.29,50,0,1.09,NZ,clear sky
103,Port Elizabeth,-33.918,25.5701,293.15,77,0,5.66,ZA,clear sky
104,Mezen,65.8522,44.24,247.28,87,85,3.45,RU,overcast clouds
105,Port Augusta,-32.5,137.7667,293.15,68,90,5.66,AU,overcast clouds
106,Usinsk,65.9939,57.5281,237.06,81,99,6.35,RU,overcast clouds
107,Malanje,-9.5402,16.341,291.55,99,100,2.15,AO,moderate rain
108,Lavrentiya,65.5833,-171,250.92,79,0,0.6,RU,clear sky
109,Majene,-3.5403,118.9707,300.33,77,99,0.64,ID,overcast clouds
110,Nizwa,22.9333,57.5333,283.43,63,0,0.93,OM,clear sky
111,Harper,4.375,-7.7169,299.5,88,34,4.44,LR,scattered clouds
112,Khasan,42.4308,130.6434,263.35,88,6,5.01,RU,clear sky
113,Alice Springs,-23.7,133.8833,300.15,28,61,7.72,AU,broken clouds
114,Caravelas,-17.7125,-39.2481,298.56,87,100,4.24,BR,overcast clouds
115,Muravlenko,63.7898,74.523,256.57,94,100,8.21,RU,snow
116,Vrangel,42.7297,133.0839,263.58,83,10,4.81,RU,clear sky
117,Kaniama,-7.5667,24.1833,292.17,96,100,0.26,CD,overcast clouds
118,Krutikha,53.9599,81.2093,271.89,94,33,7.11,RU,scattered clouds
119,Severo-Kurilsk,50.6789,156.125,267.92,93,99,6.91,RU,overcast clouds
120,Leningradskiy,69.3833,178.4167,249.82,74,0,2.7,RU,clear sky
121,Bowen,-20.0167,148.2333,302.15,74,40,3.09,AU,scattered clouds
122,Bara,10.3744,10.7288,294.27,23,61,3.28,NG,broken clouds
123,Norman Wells,65.282,-126.8329,240.15,68,75,1.54,CA,broken clouds
124,Atar,20.5169,-13.0499,288.55,36,46,5.69,MR,scattered clouds
125,Codrington,-38.2667,141.9667,288.15,68,100,5.28,AU,overcast clouds
126,Faanui,-16.4833,-151.75,301.19,66,2,4.11,PF,clear sky
127,Valparaiso,-33.0393,-71.6273,290.93,82,90,2.57,CL,overcast clouds
128,Touros,-5.1989,-35.4608,299.15,78,40,2.06,BR,scattered clouds
129,Seinajoki,62.7945,22.8282,264.26,92,90,2.06,FI,overcast clouds
130,Kanjiza,46.0667,20.05,280.72,87,100,1.91,RS,overcast clouds
131,Nome,64.5011,-165.4064,265.15,79,90,3.09,US,overcast clouds
132,Punta Cardon,11.6581,-70.215,298.3,78,95,12.18,VE,overcast clouds
133,Nanortalik,60.1432,-45.2371,268.43,83,24,4.41,GL,few clouds
134,Komsomolskiy,40.4272,71.7189,279.15,52,100,2.06,UZ,mist
135,Kudahuvadhoo,2.6708,72.8944,300.45,77,27,6.31,MV,scattered clouds
136,Haines Junction,60.7522,-137.5108,252.15,54,95,1.03,CA,overcast clouds
137,Saint George,37.1041,-113.5841,289.15,17,1,1.54,US,clear sky
138,Vaini,-21.2,-175.2,302.15,84,75,5.14,TO,broken clouds
139,Bilibino,68.0546,166.4372,252.26,79,0,1.28,RU,clear sky
140,Lorengau,-2.0226,147.2712,302.77,68,98,2.29,PG,overcast clouds
141,Olafsvik,64.8945,-23.7142,274.38,82,61,6.82,IS,broken clouds
142,Maracaibo,10.6317,-71.6406,300.23,63,93,5.89,VE,overcast clouds
143,Hobyo,5.3505,48.5268,297.82,80,3,6.78,SO,clear sky
144,Sandwick,60,-1.25,274.15,60,90,7.2,GB,light snow
145,Samarai,-10.6167,150.6667,303.06,68,84,2.29,PG,broken clouds
146,Voh,-20.9667,164.7,303.17,58,16,1.59,NC,few clouds
147,Ilebo,-4.3167,20.5833,295.16,91,58,0.81,CD,broken clouds
148,Inirida,3.8653,-67.9239,297.64,95,100,0.94,CO,overcast clouds
149,Santa Marta,11.2408,-74.199,302.59,60,73,7.15,CO,broken clouds
150,Paamiut,61.994,-49.6678,268.08,80,0,2.8,GL,clear sky
151,Jeremie,18.65,-74.1167,298.58,77,76,0.93,HT,broken clouds
152,Kodinsk,58.6881,99.1844,264.29,96,100,2.68,RU,light snow
153,Weymouth,42.2209,-70.9398,276.48,38,35,6.69,US,scattered clouds
154,Antofagasta,-23.65,-70.4,293.15,73,20,5.66,CL,few clouds
155,Hambantota,6.1241,81.1185,297.82,83,96,6.52,LK,overcast clouds
156,Khandyga,62.6667,135.6,241.55,86,100,0.97,RU,overcast clouds
157,Manado,1.487,124.8455,297.15,100,40,1.03,ID,light rain
158,Mantua,45.1667,10.7833,282.59,96,100,1.79,IT,overcast clouds
159,Garden City,42.3256,-83.331,265.37,67,90,7.72,US,overcast clouds
160,Martil,35.6166,-5.2752,284.15,76,75,6.17,MA,broken clouds
161,Lenoir,35.2335,-77.6497,282.15,49,100,2.72,US,overcast clouds
162,Killybegs,54.6333,-8.45,277.04,87,16,4.02,IE,few clouds
163,Port Keats,-14.25,129.55,302.4,73,97,5.19,AU,heavy intensity rain
164,Ketchikan,55.3422,-131.6461,276.15,87,40,4.63,US,scattered clouds
165,Ilam,26.9167,87.9167,281.25,68,5,2.52,NP,clear sky
166,Selkirk,50.1436,-96.8845,246.15,63,89,1.54,CA,overcast clouds
167,Kota Kinabalu,5.9749,116.0724,298.15,88,20,2.57,MY,few clouds
168,Avera,33.194,-82.5271,278.15,90,90,4.63,US,light intensity drizzle
169,Novobirilyussy,56.9514,90.6661,267.02,96,99,3.55,RU,overcast clouds
170,Talnakh,69.4865,88.3972,238.89,73,0,1.03,RU,clear sky
171,Byron Bay,-28.65,153.6167,301.15,65,40,0.51,AU,scattered clouds
172,Ujszasz,47.3,20.0833,274.26,100,90,5.14,HU,overcast clouds
173,Nuuk,64.1835,-51.7216,273.15,40,20,7.2,GL,few clouds
174,San Alberto,7.7611,-73.3922,301.5,60,95,1.9,CO,overcast clouds
175,Seoul,37.5683,126.9778,276.15,100,90,2.06,KR,fog
176,Upernavik,72.7868,-56.1549,265.86,76,90,1.61,GL,overcast clouds
177,Bodden Town,19.2833,-81.25,301.15,74,20,5.14,KY,few clouds
178,Yumen,40.2833,97.2,270.14,67,98,0.85,CN,overcast clouds
179,Poum,-20.2333,164.0167,299.79,68,0,1.87,NC,clear sky
180,Taperoa,-7.2075,-36.8267,297.73,65,52,5.93,BR,broken clouds
181,Piriyapatna,12.3397,76.0992,288.43,70,52,1.53,IN,broken clouds
182,Saint-Francois,46.4154,3.9054,281.48,100,90,2.57,FR,overcast clouds
183,Cairns,-16.9167,145.7667,303.71,66,90,0.51,AU,overcast clouds
184,Severnoye,56.3491,78.3619,271.82,97,100,7.69,RU,overcast clouds
185,Tautira,-17.7333,-149.15,302.15,61,20,5.66,PF,light rain
186,Natal,-5.795,-35.2094,300.15,78,40,2.06,BR,scattered clouds
187,Berea,41.3662,-81.8543,266.48,49,75,3.6,US,broken clouds
188,Helong,42.5397,128.9972,260.74,85,1,2.16,CN,clear sky
189,Richards Bay,-28.783,32.0377,295.88,87,83,4.05,ZA,broken clouds
190,Sao Joao Da Barra,-21.6403,-41.0511,294.89,96,100,7,BR,moderate rain
191,Orlik,52.5178,99.825,251.47,82,27,0.97,RU,scattered clouds
192,Abidjan,5.3094,-4.0197,301.15,89,20,4.12,CI,few clouds
193,Bathsheba,13.2167,-59.5167,298.15,73,20,7.72,BB,few clouds
194,Pativilca,-10.7,-77.7833,294.47,79,71,3.03,PE,broken clouds
195,Grants,35.1473,-107.8514,283.15,13,1,4.63,US,clear sky
196,Valdivia,-39.8142,-73.2459,293.15,68,0,3.6,CL,clear sky
197,Bubaque,11.2833,-15.8333,299.57,54,55,9.14,GW,broken clouds
198,Cilegon,-6.0174,106.0538,300.15,78,75,6.17,ID,moderate rain
199,Minbu,20.1833,94.8833,292.26,61,17,1.78,MM,few clouds
200,Brive-La-Gaillarde,45.25,1.5,279.82,68,100,0.89,FR,overcast clouds
201,Albanel,48.8832,-72.4487,266.15,68,97,5.14,CA,overcast clouds
202,Erenhot,43.6475,111.9767,256.71,85,26,1.92,CN,scattered clouds
203,Vestmannaeyjar,63.4427,-20.2734,277.23,72,32,12.92,IS,scattered clouds
204,Port Lincoln,-34.7333,135.8667,290,67,88,4.99,AU,overcast clouds
205,Barrow,71.2906,-156.7887,252.15,77,20,5.66,US,few clouds
206,Burns Lake,54.2331,-125.7533,265.15,86,100,2.57,CA,light snow
207,Mount Gambier,-37.8333,140.7667,288.15,77,90,3.6,AU,overcast clouds
208,Primorsko-Akhtarsk,46.0497,38.1747,271.31,89,100,2.94,RU,overcast clouds
209,Tashtagol,52.7657,87.8894,265.77,95,1,1.59,RU,clear sky
210,Mundo Nuevo,18.7,-95.5,297.86,86,15,3.93,MX,few clouds
211,Viedma,-40.8135,-62.9967,291.48,65,40,8.39,AR,scattered clouds
212,Sanmenxia,34.7747,111.1814,279.75,50,70,0.87,CN,broken clouds
213,Lompoc,34.6391,-120.4579,290.93,63,1,6.69,US,clear sky
214,Muros,42.7762,-9.0603,277.04,95,34,1.34,ES,scattered clouds
215,West Bay,19.3667,-81.4167,301.15,74,20,5.14,KY,few clouds
216,Taoudenni,22.6783,-3.9836,289.82,31,53,4.88,ML,broken clouds
217,Dawlatabad,36.4141,64.9053,282.1,67,95,0.76,AF,overcast clouds
218,Bilma,18.6853,12.9164,288.87,28,71,2.35,NE,broken clouds
219,Dingle,10.9995,122.6711,299.1,85,70,5.08,PH,broken clouds
220,Los Llanos De Aridane,28.6585,-17.9182,289.15,63,0,3.09,ES,clear sky
221,Ucluelet,48.9329,-125.5528,283.71,76,20,8.75,CA,few clouds
222,Acobamba,-11.3525,-75.6594,286.15,72,93,2.22,PE,overcast clouds
223,Cherskiy,68.75,161.3,252.61,81,0,2.07,RU,clear sky
224,Sur,22.5667,59.5289,289.86,65,0,2.54,OM,clear sky
225,Havelock,34.8791,-76.9013,280.37,61,100,1.34,US,overcast clouds
226,Itapeva,-23.9822,-48.8756,291.04,92,19,4.67,BR,few clouds
227,San Andres,12.5847,-81.7006,301.15,74,40,5.14,CO,scattered clouds
228,Ciudad Bolivar,8.1222,-63.5497,300.31,62,100,8.08,VE,overcast clouds
229,Nouadhibou,20.931,-17.0347,290.15,67,0,8.23,MR,clear sky
230,Saint-Georges,12.0564,-61.7485,299.15,73,20,7.2,GD,few clouds
231,Guerrero Negro,27.9769,-114.0611,293.82,40,0,5.04,MX,clear sky
232,Mitsamiouli,-11.3847,43.2844,300.91,74,94,2.49,KM,light rain
233,Bay Roberts,47.5999,-53.2648,280.37,100,90,10.8,CA,moderate rain
234,Tambun,-6.2641,107.0712,299.26,100,75,2.57,ID,moderate rain
235,Tabuk,17.4189,121.4443,296.27,84,43,0.24,PH,scattered clouds
236,Katherine,-14.4667,132.2667,298.15,88,75,1.54,AU,light rain
237,Isangel,-19.55,169.2667,303.15,74,20,2.57,VU,few clouds
238,Akyab,20.15,92.9,288.76,65,0,2.9,MM,clear sky
239,Belyy Yar,53.6039,91.3903,259.15,85,53,1,RU,mist
240,Beringovskiy,63.05,179.3167,251.48,89,48,4.66,RU,scattered clouds
241,Jacinto City,29.7675,-95.2338,292.15,68,1,4.12,US,clear sky
242,Dombarovskiy,50.7587,59.5386,258.65,91,98,8.38,RU,overcast clouds
243,Coquimbo,-29.9533,-71.3436,291.15,68,0,4.63,CL,clear sky
244,Deer Lake,49.1667,-57.4316,273.15,100,90,2.57,CA,overcast clouds
245,Pacific Grove,36.6177,-121.9166,289.15,63,1,1.54,US,clear sky
246,La Tuque,47.4334,-72.7824,266.15,68,97,3.09,CA,overcast clouds
247,Bethel,41.3712,-73.414,278.15,38,1,2.57,US,clear sky
248,Karratha,-20.7377,116.8463,300.05,58,13,3.99,AU,few clouds
249,Paris,48.8534,2.3488,280.37,93,90,3.6,FR,light intensity drizzle
250,Fortuna,40.5982,-124.1573,285.37,87,1,6.17,US,clear sky
251,Puerto Madero,14.7208,-92.4215,303.15,51,1,4.12,MX,clear sky
252,Flinders,-34.5833,150.8552,298.71,70,1,0.89,AU,clear sky
253,Yar-Sale,66.8333,70.8333,238.68,85,100,6.59,RU,overcast clouds
254,Siguiri,11.6667,-9.5,298.53,18,76,0.69,GN,broken clouds
255,Ballangen,68.3428,16.8315,270.93,93,90,1.03,NO,light snow
256,Chokwe,-24.5333,32.9833,295.9,91,100,1.52,MZ,overcast clouds
257,Badarpur,24.9,92.6,287.16,55,5,0.54,IN,clear sky
258,New Norfolk,-42.7826,147.0587,291.48,56,63,1.79,AU,broken clouds
259,Port Hardy,50.6996,-127.4199,280.15,81,75,5.66,CA,light rain
260,Lubao,14.9167,120.55,298.15,83,75,1.03,PH,broken clouds
261,Puri,19.8,85.85,290.15,88,0,1.54,IN,mist
262,Liverpool,53.4106,-2.9779,276.15,87,75,8.75,GB,broken clouds
263,Ornskoldsvik,63.2909,18.7153,264.15,86,0,4.12,SE,clear sky
264,Iquitos,-3.7481,-73.2472,299.15,83,40,1.36,PE,scattered clouds
265,Bairiki,1.3292,172.9752,300.15,89,75,3.09,KI,light rain
266,Henties Bay,-22.116,14.2845,290.93,89,33,0.89,NA,scattered clouds
267,Barcelos,41.5388,-8.6151,279.26,81,0,1.54,PT,clear sky
268,Bambous Virieux,-20.3428,57.7575,298.15,83,20,1.54,MU,few clouds
269,Nova Olinda Do Norte,-3.8881,-59.0942,297.6,95,91,0.98,BR,overcast clouds
270,Igra,57.5558,53.0547,252.98,90,100,4.48,RU,overcast clouds
271,Toba,34.4833,136.85,282.59,75,10,1.34,JP,clear sky
272,Xining,36.6167,101.7667,265.91,67,100,0.93,CN,overcast clouds
273,Hurricane,37.1753,-113.2899,289.15,16,1,5.14,US,clear sky
274,Solnechnyy,50.7214,136.6319,254.16,89,100,2.25,RU,overcast clouds
275,Torbay,47.6666,-52.7314,279.82,100,90,8.75,CA,heavy intensity rain
276,Saint Anthony,45.0205,-93.218,254.15,54,1,7.72,US,clear sky
277,Itaituba,-4.2761,-55.9836,303.15,74,0,0.81,BR,clear sky
278,Nizhniy Kuranakh,58.8353,125.4869,242.23,81,90,0.51,RU,overcast clouds
279,Lata,40.1629,-8.3327,283.71,81,27,2.24,PT,scattered clouds
280,General Roca,-39.0333,-67.5833,305.15,40,0,1.54,AR,clear sky
281,Breves,-1.6822,-50.4803,297.96,90,49,1.94,BR,scattered clouds
282,Cabo San Lucas,22.8909,-109.9124,298.15,56,1,3.09,MX,clear sky
283,Ingham,42.6,-84.3833,265.37,73,90,1.54,US,overcast clouds
284,Villarrica,-25.75,-56.4333,292.18,82,0,1.95,PY,clear sky
285,Wladyslawowo,54.7909,18.4009,266.48,92,40,4.12,PL,scattered clouds
286,Pombas,17.1503,-25.0201,294.15,60,75,9.77,CV,broken clouds
287,Cocorit,27.5833,-109.9667,299.15,19,1,3.09,MX,clear sky
288,Peruibe,-24.32,-46.9983,294.93,87,41,2.76,BR,scattered clouds
289,Tazovskiy,67.4667,78.7,241.17,86,69,4.52,RU,broken clouds
290,Kamennogorsk,60.9545,29.1339,260.37,88,53,1.34,RU,broken clouds
291,Meulaboh,4.1363,96.1285,297.49,91,83,2.68,ID,broken clouds
292,Plettenberg Bay,-34.0527,23.3716,292.94,75,18,3.05,ZA,few clouds
293,Diveyevo,55.0433,43.2418,250,90,100,4.28,RU,overcast clouds
294,Bima,-8.4667,118.7167,300.45,77,84,1.02,ID,broken clouds
295,Tolaga Bay,-38.3667,178.3,291.79,58,100,3.74,NZ,overcast clouds
296,Hong Gai,20.956,107.0946,290.15,94,75,1.54,VN,mist
297,Razole,16.4833,81.8333,289.52,91,40,1.8,IN,scattered clouds
298,Astoria,46.1879,-123.8313,281.15,93,90,6.17,US,overcast clouds
299,Lasa,46.6166,10.7002,277.59,100,90,5.66,IT,light rain
300,Portland,45.5234,-122.6762,281.48,87,90,8.23,US,light intensity drizzle
301,Kuito,-12.3833,16.9333,289.32,95,100,3.39,AO,light rain
302,Urengoy,65.9667,78.3667,246.02,87,92,5.39,RU,overcast clouds
303,Gamba,-2.65,10,299.05,87,100,0.68,GA,light rain
304,Pavelets,53.7883,39.246,255.37,68,98,5.21,RU,overcast clouds
305,Borba,-4.3878,-59.5939,297.34,96,91,1.21,BR,overcast clouds
306,Vao,-22.6667,167.4833,298.72,79,0,1.45,NC,clear sky
307,Flin Flon,54.7682,-101.865,242.15,62,1,3.6,CA,clear sky
308,Remedios,22.4947,-79.5458,301.15,57,20,2.06,CU,few clouds
309,Varhaug,58.6147,5.6457,263.15,78,0,4,NO,clear sky
310,Okhotsk,59.3833,143.3,254.28,86,46,8.06,RU,scattered clouds
311,Tuatapere,-46.1333,167.6833,294.86,47,0,1.45,NZ,clear sky
312,Yulara,-25.2406,130.9889,299.15,29,0,8.23,AU,clear sky
313,Constitucion,-35.3333,-72.4167,288.62,87,52,2.68,CL,broken clouds
314,Waipawa,-41.4122,175.5153,295.37,67,98,4.63,NZ,overcast clouds
315,Khash,28.2211,61.2158,279.16,58,0,0.87,IR,clear sky
316,Curup,-3.4667,102.5333,293.35,88,88,1.36,ID,overcast clouds
317,Zhanaozen,43.3,52.8,273.49,85,40,2.84,KZ,scattered clouds
318,Nara,34.6851,135.8049,282.59,87,0,1.54,JP,clear sky
319,Pozarevac,44.6153,21.1825,285.15,58,0,1.03,RS,clear sky
320,Geraldton,-28.7667,114.6,294.15,83,75,11.32,AU,light rain
321,Bayburt,40.2589,40.2278,265.1,87,8,0.46,TR,clear sky
322,Gambela,8.25,34.5833,297.2,21,43,0.97,ET,scattered clouds
323,Moose Factory,51.2585,-80.6094,254.15,71,90,4.63,CA,light snow
324,Chengde,40.9725,117.9361,266.74,79,4,3.01,CN,clear sky
325,Santa Maria,-29.6842,-53.8069,295.15,78,0,0.51,BR,clear sky
326,Altay,47.8667,88.1167,267.15,86,57,1.94,CN,broken clouds
327,Oksfjord,70.2396,22.3479,270.15,80,90,5.14,NO,snow
328,Hamilton,39.1834,-84.5333,272.59,57,86,0.45,US,overcast clouds
329,Otavi,-19.65,17.3333,293.53,70,99,2.84,NA,overcast clouds
330,Laguna,38.421,-121.4238,291.48,48,1,2.06,US,clear sky
331,Kaeo,-35.1,173.7833,294.82,72,99,2.68,NZ,overcast clouds
332,Sabang,5.8933,95.3214,301.31,73,58,6.87,ID,broken clouds
333,Asau,46.4333,26.4,270.37,74,100,1.64,RO,overcast clouds
334,Ancud,-41.8697,-73.8203,296.15,43,0,3.6,CL,clear sky
335,Sitka,57.0531,-135.33,275.15,60,40,8.23,US,scattered clouds
336,Coos Bay,43.3665,-124.2179,285.93,76,90,1.4,US,overcast clouds
337,Vila Velha,-20.3297,-40.2925,301.48,83,75,3.6,BR,light rain
338,Lac Du Bonnet,50.2536,-96.0612,242.47,86,100,3.77,CA,overcast clouds
339,Honiara,-9.4333,159.95,299.07,86,100,4.6,SB,moderate rain
340,Huilong,31.8111,121.655,284.26,83,0,1.37,CN,clear sky
341,Arcos,-20.2819,-45.5394,294.4,90,38,1.8,BR,scattered clouds
342,Deputatskiy,69.3,139.9,236.28,84,1,0.76,RU,clear sky
343,Garowe,8.4054,48.4845,294.16,79,34,6.09,SO,scattered clouds
344,Caaguazu,-25.45,-56.0167,291.29,86,0,1.83,PY,clear sky
345,Mastic Beach,40.7668,-72.8521,277.59,48,1,4.63,US,clear sky
346,Tambura,5.6,27.4667,291.44,26,4,2.61,SS,clear sky
347,Linden,6,-58.3,299.15,83,40,4.12,GY,scattered clouds
348,Buin,-33.7333,-70.75,295.37,68,0,3.09,CL,clear sky
349,Beloha,-25.1667,45.05,296.76,93,18,2.39,MG,few clouds
350,Esmeraldas,-19.7625,-44.3139,293.15,94,75,3.6,BR,broken clouds
351,Airai,-8.9266,125.4092,293.17,87,94,1.53,TL,overcast clouds
352,East London,-33.0153,27.9116,296.9,91,10,4.84,ZA,clear sky
353,Waingapu,-9.6567,120.2641,300.55,74,48,3.11,ID,scattered clouds
354,Mocuba,-16.8392,36.9856,296.49,95,100,1.32,MZ,overcast clouds
355,Menongue,-14.6585,17.691,292.08,92,100,1.65,AO,moderate rain
356,Lakes Entrance,-37.8811,147.981,294.26,65,35,2.24,AU,scattered clouds
357,Port Saint Lucie,27.2939,-80.3503,297.15,78,75,5.14,US,broken clouds
358,Manicore,-5.8092,-61.3003,296.55,97,99,0.57,BR,moderate rain
359,Otradnoye,59.7775,30.8181,260.15,78,20,7,RU,light snow
360,Okato,-39.2,173.8833,295.37,66,59,1.79,NZ,broken clouds
361,Eydhafushi,5.1033,73.0708,300.65,71,32,4.41,MV,scattered clouds
362,Jizan,17.3333,42.6667,295.15,78,0,0.81,SA,clear sky
363,Pestyaki,56.7103,42.6717,253.26,91,100,4.65,RU,overcast clouds
364,Tiruvalla,9.3833,76.5667,294.3,82,0,1.5,IN,clear sky
365,Springfield,37.2153,-93.2982,273.15,86,90,6.69,US,moderate rain
366,North Bend,43.4065,-124.2243,283.15,76,90,1.71,US,overcast clouds
367,Aksarka,66.5606,67.7975,236.07,82,98,9.27,RU,overcast clouds
368,Bud,39.447,-86.1758,269.26,63,100,2.49,US,overcast clouds
369,Narsaq,60.9167,-46.05,266.66,78,36,1.16,GL,scattered clouds
370,Las Choapas,17.9333,-94.0833,305.15,37,1,5.14,MX,clear sky
371,Sept-Iles,50.2001,-66.3821,272.15,93,100,4.63,CA,light snow
372,Craigieburn,-37.6,144.95,291.15,63,75,6.69,AU,broken clouds
373,Novyy Urengoy,66.0833,76.6333,244.07,87,87,6.01,RU,overcast clouds
374,Prince Rupert,54.3161,-130.3201,278.15,81,90,3.09,CA,light snow
375,Port Macquarie,-31.4333,152.9167,300.93,73,49,1.79,AU,scattered clouds
376,Joshimath,30.5667,79.5667,277.78,45,0,6.11,IN,clear sky
377,Gympie,-26.1898,152.665,304.92,46,1,1.55,AU,clear sky
378,Amga,60.8953,131.9608,239.84,82,100,0.67,RU,overcast clouds
379,Mayo,38.8876,-76.5119,279.26,61,1,1.54,US,clear sky
380,Mehamn,71.0357,27.8492,269.69,93,100,9.3,NO,light snow
381,Karakol,42.4907,78.3936,271.55,83,99,1.2,KG,light snow
382,Wawa,9.9022,4.4192,299,24,89,1.45,NG,overcast clouds
383,Tanout,14.9709,8.8879,290.41,25,67,5,NE,broken clouds
384,Utiel,39.5667,-1.2,285.37,84,61,3.03,ES,broken clouds
385,Coahuayana,18.7333,-103.6833,299.15,61,1,1.87,MX,clear sky
386,Brae,60.3964,-1.353,274.15,60,90,7.2,GB,light snow
387,Saldanha,-33.0117,17.9442,291.15,82,13,1.54,ZA,few clouds
388,Mehran,33.1222,46.1646,280.15,93,75,3.09,IR,broken clouds
389,Zholymbet,51.7433,71.7122,267.93,95,97,14.21,KZ,overcast clouds
390,Tupiza,-21.45,-65.7167,289.23,60,89,3.41,BO,moderate rain
391,Jackson,42.4165,-122.8345,283.15,61,1,0.42,US,clear sky
392,Labuhan,-6.8844,112.2051,299.49,84,42,3.67,ID,scattered clouds
393,Qinnan,33.2531,119.9133,281.54,74,0,1.06,CN,clear sky
394,Sarangani,5.4033,125.4636,300.58,71,100,2.9,PH,overcast clouds
395,Mujiayingzi,42.1167,118.7833,257.44,88,28,2.32,CN,scattered clouds
396,Changying,52.8733,123.3213,244.47,84,44,1.55,CN,scattered clouds
397,Namibe,-15.1961,12.1522,294.73,78,20,2.93,AO,few clouds
398,Katsuura,35.1333,140.3,283.71,50,0,1.54,JP,clear sky
399,Pangnirtung,66.1451,-65.7125,268.75,80,85,1.56,CA,overcast clouds
400,Barranca,-10.75,-77.7667,294.54,79,69,3.02,PE,broken clouds
401,Walvis Bay,-22.9575,14.5053,290.93,94,3,3.09,NA,clear sky
402,Edgewater,28.9889,-80.9023,292.15,88,90,2.79,US,overcast clouds
403,Lima,-12.0432,-77.0282,298.15,78,75,3.09,PE,light rain
404,College,64.8569,-147.8028,252.59,77,90,0.37,US,light snow
405,Zhenjiang,32.2092,119.4342,280.93,91,3,0.81,CN,clear sky
406,Debre Tabor,11.85,38.0167,281.03,53,65,2.62,ET,broken clouds
407,Fort Nelson,58.8053,-122.7002,247.15,64,1,1.54,CA,clear sky
408,Ajaccio,42,8.9167,289.15,51,0,1.54,FR,clear sky
409,Boyolangu,-8.1181,111.8935,298.15,85,78,3.24,ID,broken clouds
410,Kathmandu,27.7167,85.3167,276.15,93,20,1.54,NP,few clouds
411,Sarh,9.1429,18.3923,296.15,33,0,2.37,TD,clear sky
412,Dharchula,29.85,80.5333,280.46,42,0,5.27,IN,clear sky
413,Teya,60.3778,92.6267,266.48,94,99,3.91,RU,overcast clouds
414,Elk Point,42.6833,-96.6836,257.59,72,55,2.46,US,broken clouds
415,Aswan,24.0934,32.907,286.97,58,0,2.09,EG,clear sky
416,Miranda,3.2499,-76.2281,295.02,74,100,1.42,CO,overcast clouds
417,Kaitangata,-46.2817,169.8464,291.48,74,3,3.13,NZ,clear sky
418,Manokwari,-0.8667,134.0833,298.57,86,100,0.16,ID,overcast clouds
419,Carinhanha,-14.3047,-43.765,296.14,91,79,2.64,BR,moderate rain
420,Novoorsk,51.381,58.9813,261.15,67,75,18,RU,snow
421,Atocha,-20.9333,-66.2333,286.22,60,94,3.83,BO,moderate rain
422,Djambala,-2.5447,14.7533,294.69,88,60,2.18,CG,light rain
423,Comodoro Rivadavia,-45.8667,-67.5,286.15,82,40,6.17,AR,scattered clouds
424,Araouane,18.9048,-3.5265,295.54,25,100,8.1,ML,overcast clouds
425,Tobermory,45.2501,-81.6665,267.15,63,100,6.69,CA,overcast clouds
426,Odienne,9.51,-7.5692,298.9,23,82,0.19,CI,broken clouds
427,Pochutla,15.7432,-96.4661,300.37,74,75,5.14,MX,broken clouds
428,Blahodatne,50.6637,24.2492,262.76,93,94,4.51,UA,overcast clouds
429,Thompson,55.7435,-97.8558,241.15,62,75,6.17,CA,snow
430,Rondonopolis,-16.4708,-54.6356,297.97,70,42,1.62,BR,scattered clouds
431,Naze,28.3667,129.4833,291.15,68,75,2.06,JP,broken clouds
432,Kulhudhuffushi,6.6221,73.07,300.35,72,1,3.94,MV,clear sky
433,Souillac,-20.5167,57.5167,298.15,83,20,1.54,MU,few clouds
434,Rosarito,32.3333,-117.0333,297.04,52,1,5.14,MX,clear sky
435,Cam Ranh,11.9214,109.1591,297.15,69,40,2.57,VN,scattered clouds
436,Kununurra,-15.7667,128.7333,300.15,94,99,2.06,AU,overcast clouds
437,Rio Gallegos,-51.6226,-69.2181,289.15,41,0,5.14,AR,clear sky
438,Bukama,-9.2,25.85,294.11,95,100,0.24,CD,light rain
439,Kruisfontein,-34.0033,24.7314,290.93,89,22,0.45,ZA,few clouds
440,Spearfish,44.4908,-103.8594,258.71,84,1,3.09,US,clear sky
441,Wanlaweyn,2.6185,44.8938,295.41,83,17,3.9,SO,few clouds
442,Lewistown,40.5992,-77.5714,273.15,32,1,1.1,US,light intensity drizzle
443,Dongkan,33.9997,119.8308,281.07,73,0,1.23,CN,clear sky
444,Oktyabrskoye,43.0645,44.7417,273.15,86,96,2,RU,overcast clouds
445,Malangwa,26.8568,85.5581,283.86,80,25,0.89,NP,scattered clouds
446,Ponta Delgada,37.7333,-25.6667,288.71,94,75,8.75,PT,broken clouds
447,Angoche,-16.2325,39.9086,298.85,86,100,1.68,MZ,overcast clouds
448,Marawi,7.9986,124.2928,297.04,86,93,2.68,PH,overcast clouds
449,Khorramshahr,30.4397,48.1664,289.15,88,75,3.09,IR,broken clouds
450,Banyo,6.75,11.8167,291.75,26,1,1.83,CM,clear sky
451,Sao Filipe,14.8961,-24.4956,294.07,74,38,6.62,CV,scattered clouds
452,Havre-Saint-Pierre,50.2334,-63.5986,272.15,93,90,6.17,CA,snow
453,Rio Grande,-32.035,-52.0986,292.59,92,0,3.22,BR,clear sky
454,Jaumave,23.4167,-99.3833,303.15,30,1,8.23,MX,clear sky
455,Ndioum,16.5129,-14.6471,294.15,49,0,1.03,SN,clear sky
456,Cumana,10.4635,-64.1775,297.69,80,100,6.67,VE,overcast clouds
457,Lagoa,39.05,-27.9833,288.73,90,100,11.39,PT,overcast clouds
458,Maridi,4.9158,29.4742,292.51,25,0,1.97,SS,clear sky
459,Chunhuhub,19.55,-88.6833,300.45,68,6,1.55,MX,clear sky
460,Mahuva,21.0914,71.7622,291.27,34,0,6.48,IN,clear sky
461,Pevek,69.7008,170.3133,252.08,88,31,2.44,RU,scattered clouds
462,Praia Da Vitoria,38.7333,-27.0667,289.15,82,40,6.12,PT,scattered clouds
463,Chapais,49.7834,-74.8492,263.15,79,90,6.69,CA,light snow
464,Irbeyskoye,55.6428,95.4522,266.09,94,97,2.01,RU,overcast clouds
465,Sale,34.0389,-6.8166,283.71,100,75,4.63,MA,broken clouds
466,Lages,-27.8161,-50.3261,287.1,80,35,1.56,BR,scattered clouds
467,Tabory,58.5198,64.5495,273.22,99,100,3.28,RU,snow
468,High Level,58.5169,-117.136,247.15,58,1,1.03,CA,clear sky
469,Tulagi,-9.0996,160.1476,300.42,82,100,7.94,SB,heavy intensity rain
470,Rock Sound,24.9,-76.2,297.69,87,0,6.72,BS,clear sky
471,Daru,-9.0763,143.2092,302.94,68,80,5.21,PG,broken clouds
472,Berlevag,70.8578,29.0864,270.04,94,100,11.49,NO,light snow
473,Minna,9.6139,6.5569,299.5,17,100,3.93,NG,overcast clouds
474,Haukipudas,65.1765,25.3523,262.15,85,0,4.12,FI,clear sky
475,Ayan,56.45,138.1667,253.58,90,100,6.64,RU,light snow
476,Kalyazin,57.2403,37.8433,255.16,92,99,4.97,RU,overcast clouds
477,Kondinskoye,59.6481,67.41,273.73,97,100,6.68,RU,snow
478,Trincomalee,8.5711,81.2335,299.15,83,54,6.17,LK,broken clouds
479,Ust-Nera,64.5667,143.2,241.76,76,62,2.1,RU,broken clouds
480,Port Blair,11.6667,92.75,298.57,78,11,3.72,IN,few clouds
481,Mae Sai,20.4335,99.8762,293.15,94,35,0.39,TH,scattered clouds
482,Cabedelo,-6.9811,-34.8339,300.15,78,20,2.57,BR,few clouds
483,Necochea,-38.5473,-58.7368,290.37,74,0,7.06,AR,clear sky
484,Balaipungut,1.05,101.2833,297.15,94,20,0.39,ID,few clouds
485,Genhe,50.7833,121.5167,244.48,85,0,0.52,CN,clear sky
486,Torbat-E Jam,35.244,60.6225,279.35,80,28,0.15,IR,scattered clouds
487,Vanavara,60.34,102.2797,261.26,95,100,4.59,RU,light snow
488,Smithers,54.7804,-127.1743,270.15,93,90,1.54,CA,light snow
489,Yenagoa,4.9247,6.2642,299.46,87,0,1.98,NG,clear sky
490,Saint-Augustin,51.226,-58.6502,274.35,95,100,8.02,CA,light rain
491,Peer,51.1317,5.4568,273.15,93,90,8.23,BE,moderate rain
492,Rawson,-43.3002,-65.1023,288.05,68,76,10.48,AR,broken clouds
493,Tupik,54.4253,119.9327,243.02,81,52,0.82,RU,broken clouds
494,Kenora,49.8167,-94.4337,246.48,63,75,5.66,CA,snow
495,Mindyak,54.0231,58.7891,253.7,86,90,8.32,RU,overcast clouds
496,Sao Felix Do Xingu,-6.6447,-51.995,296.33,92,41,0.46,BR,light rain
497,Montabaur,50.4333,7.8333,275.37,95,100,7.06,DE,moderate rain
498,Polunochnoye,60.8697,60.4153,246.02,89,100,5.72,RU,light snow
499,Penzance,50.1186,-5.5371,277.59,87,40,4.12,GB,scattered clouds
500,Acapulco,16.8634,-99.8901,302.15,61,1,4.12,MX,clear sky
501,Candido De Abreu,-24.5669,-51.3333,292.28,77,2,0.68,BR,clear sky
502,Basoko,1.2391,23.616,295.84,61,3,1.01,CD,clear sky
503,Sayansk,54.1088,102.1648,258.62,93,100,2.15,RU,overcast clouds
504,Independenta,45.4833,27.75,274.79,87,100,5.08,RO,overcast clouds
505,Kahului,20.8947,-156.47,298.15,50,20,5.14,US,few clouds
506,Maryborough,-25.5333,152.7,304.92,47,19,1.86,AU,few clouds
507,Cap Malheureux,-19.9842,57.6142,297.59,85,8,0.89,MU,clear sky
508,Faya,18.3851,42.4509,282.15,76,0,1.18,SA,clear sky
509,Bandarbeyla,9.4942,50.8122,297.07,81,8,5.28,SO,clear sky
510,Broken Hill,-31.95,141.4333,292.15,63,40,8.75,AU,scattered clouds
511,Pisco,-13.7,-76.2167,296.15,78,75,2.06,PE,broken clouds
512,Praia,14.9215,-23.5087,293.15,64,75,10.29,CV,broken clouds
513,Bichura,50.5881,107.6022,255.38,87,87,1.3,RU,snow
514,New Haven,41.4001,-72.9329,279.15,30,1,2.06,US,clear sky
515,San Quintin,30.4833,-115.95,290.72,62,0,5.32,MX,clear sky
516,Shahrud,36.4182,54.9763,279.08,86,100,1.44,IR,overcast clouds
517,Nioro,13.35,-15.75,294.44,29,92,3.88,GM,overcast clouds
518,Antalaha,-14.9003,50.2788,297.05,86,99,1.56,MG,overcast clouds
519,Jiangkou,25.4872,119.1986,288.15,88,90,2,CN,overcast clouds
520,Padang,-0.9492,100.3543,295.15,88,20,0.51,ID,few clouds
521,Biak,-0.9131,122.8766,299.75,72,100,0.8,ID,overcast clouds
522,Terrace,54.5163,-128.6035,273.15,93,90,2.57,CA,light snow
523,Mukhen,48.1,136.1,250.43,88,99,0.63,RU,overcast clouds
524,Whitehorse,60.7161,-135.0538,253.15,70,75,1.5,CA,light snow
525,Galle,6.0367,80.217,297.51,87,100,2.38,LK,overcast clouds
526,Azovskaya,44.7908,38.6264,270.37,81,100,2.33,RU,snow
527,Dauphin,51.1494,-100.0502,245.15,57,1,5.14,CA,clear sky
528,Kamalpur,24.2,91.8333,286.46,69,22,0.58,IN,few clouds
529,Hukuntsi,-24,21.75,293.43,83,0,5.04,BW,clear sky
530,Kuala Terengganu,5.3302,103.1408,297.15,94,40,1.03,MY,scattered clouds
531,Martinsburg,39.4562,-77.9639,277.15,48,1,2.06,US,clear sky
532,Iconha,-20.7931,-40.8111,296.35,94,100,2.07,BR,overcast clouds
533,Evensk,61.95,159.2333,265.24,87,97,10.43,RU,overcast clouds
534,Verkhoyansk,67.5447,133.385,241.58,83,100,0.61,RU,overcast clouds
535,Rockland,41.1668,-74.0496,278.15,30,1,4.12,US,clear sky
536,Rio Cuarto,-33.1307,-64.3499,298.15,65,0,5.14,AR,clear sky
537,Hastings,50.8552,0.5729,277.59,89,100,4.02,GB,light rain
538,Coihaique,-45.5752,-72.0662,298.15,23,20,4.12,CL,few clouds
539,Coronado,32.6859,-117.1831,296.15,55,1,4.12,US,clear sky
540,Linxia,35.6003,103.2064,270.89,71,100,0.5,CN,overcast clouds
541,Ouallam,14.3188,2.0866,297.41,19,25,3.54,NE,scattered clouds
542,Gandorhun,7.5,-11.8333,297.65,80,89,0.85,SL,overcast clouds
543,Hirara,24.8,125.2833,289.15,94,20,1.03,JP,few clouds
544,Bhadrachalam,17.6667,80.8833,288.9,81,30,0.92,IN,scattered clouds
545,Wanxian,30.8039,108.3897,285.26,70,96,0.39,CN,overcast clouds
546,Bograd,54.2344,90.8328,259.15,85,66,1,RU,mist
547,Grand Gaube,-20.0064,57.6608,297.59,85,9,0.89,MU,clear sky
548,Russell,32.3502,-85.1999,279.15,87,90,2.57,US,overcast clouds
549,Fare,-16.7,-151.0167,301.16,67,11,4.59,PF,light rain
550,Kalangala,-0.3089,32.225,296.84,70,25,1.72,UG,scattered clouds
551,Hami,42.8,93.45,272.15,78,22,2.36,CN,few clouds
552,Ambilobe,-13.2,49.05,295.99,94,99,1.12,MG,overcast clouds
553,Itarema,-2.9248,-39.9167,299.15,82,14,4.84,BR,few clouds
554,Mahibadhoo,3.7833,72.9667,300.34,75,39,5.01,MV,scattered clouds
555,Bozhou,33.8772,115.7703,280.24,61,0,2.42,CN,clear sky
556,San Cristobal,7.7669,-72.225,302.15,61,40,3.09,VE,scattered clouds
557,Iqaluit,63.7506,-68.5145,270.15,74,90,9.26,CA,overcast clouds
558,Guozhen,34.3659,107.359,279.86,46,99,1.09,CN,overcast clouds
559,Amapa,1,-52,295.38,98,100,1.06,BR,overcast clouds
560,Kaputa,-8.4689,29.6619,294.44,83,100,3.05,ZM,light rain
561,Monte Carmelo,-18.7247,-47.4986,293.55,93,73,2.43,BR,broken clouds
562,Kloulklubed,7.0419,134.2556,300.08,86,100,10.13,PW,overcast clouds
563,Kabo,7.6994,18.629,296.22,21,0,3.06,CF,clear sky
564,Jardim,-21.4803,-56.1381,294,72,0,1.89,BR,clear sky
565,Redwater,33.3582,-94.2544,280.15,93,90,3.6,US,mist
566,Zheleznodorozhnyy,55.7503,38.0042,255.15,71,0,7,RU,clear sky
567,Altamont,42.2068,-121.7372,285.15,28,1,5.66,US,clear sky
568,Wad Rawah,15.1603,33.1397,289.18,34,2,5.08,SD,clear sky
569,Manggar,-2.8833,108.2667,299.9,82,92,5.49,ID,overcast clouds
570,Luganville,-15.5333,167.1667,302.91,64,4,2.94,VU,clear sky
571,Clyde River,70.4692,-68.5914,249.15,84,20,1.03,CA,few clouds
572,Hearst,49.6835,-83.6665,252.15,77,100,3.09,CA,overcast clouds
573,Kerema,-7.9631,145.7785,302.18,69,96,1.46,PG,overcast clouds
574,Thunder Bay,48.4001,-89.3168,253.15,54,75,5.66,CA,snow
575,Svetlaya,46.5389,138.3297,258.39,85,69,3.62,RU,broken clouds
576,Soyo,-6.1349,12.3689,299.86,86,100,3.93,AO,overcast clouds
577,Boksitogorsk,59.474,33.8485,254.58,93,98,1.71,RU,overcast clouds
578,Lamar,33.6668,-95.5836,278.71,93,90,5.66,US,mist
579,Minas,-34.3759,-55.2377,293.15,88,40,3.6,UY,scattered clouds
580,Anqing,30.5092,117.0506,283.99,73,69,0.22,CN,broken clouds
581,Cayenne,4.9333,-52.3333,298.15,100,75,6.17,GF,broken clouds
582,Yeniseysk,58.4497,92.1703,270.01,98,100,2.66,RU,light snow
583,Beyneu,45.3167,55.2,272.05,83,89,2.71,KZ,overcast clouds
584,Itoman,26.1247,127.6694,293.15,77,40,5.14,JP,scattered clouds
585,Mobaye,4.319,21.1786,294.16,30,21,1.09,CF,few clouds
586,San Carlos,9.6612,-68.5827,299.55,63,99,2.44,VE,overcast clouds
587,Maxixe,-23.8597,35.3472,297.45,90,95,2.93,MZ,overcast clouds
588,Takoradi,4.8845,-1.7554,299.61,88,1,3.97,GH,clear sky
589,Marshall,34.3834,-86.3333,278.15,93,90,5.14,US,moderate rain
590,Ishigaki,24.3448,124.1572,292.15,88,40,2.57,JP,scattered clouds
591,Husavik,66.0449,-17.3389,274.15,69,90,1.03,IS,overcast clouds
592,Lakatoro,-16.0999,167.4164,302.53,59,20,2.45,VU,few clouds
593,Margate,51.3813,1.3862,276.48,85,100,3.58,GB,light rain
594,Susehri,40.1644,38.0867,274.4,83,0,0.6,TR,clear sky
595,Jati,24.3539,68.2671,288.34,32,0,2.51,PK,clear sky
596,Douglas,41.3,-96.167,260.15,56,90,4.12,US,overcast clouds
597,Pedernales,18.0384,-71.744,298.57,65,17,6.33,DO,few clouds
598,Oistins,13.0667,-59.5333,298.15,73,20,7.72,BB,few clouds
599,Dunedin,-45.8742,170.5036,288.15,80,1,11.18,NZ,clear sky
600,Buraydah,26.326,43.975,283.15,100,75,4.12,SA,broken clouds
601,Palmas,-10.2128,-48.3603,298.15,94,75,1.54,BR,broken clouds
602,Jijiga,9.35,42.8,287.99,61,11,4.35,ET,few clouds
603,Maceio,-9.6658,-35.7353,298.15,88,0,5.14,BR,clear sky
604,Mahendragarh,28.2833,76.15,283.92,46,0,2.32,IN,clear sky
605,Ukiah,39.1502,-123.2078,295.15,26,1,1.54,US,clear sky
606,Luwuk,-0.9516,122.7875,300.81,68,100,0.5,ID,overcast clouds
607,Rudbar,30.15,62.6,285.2,35,0,1.61,AF,clear sky
608,Kharp,66.8014,65.8081,242.58,80,65,1.67,RU,broken clouds
609,Barcelona,41.3888,2.159,287.04,71,20,5.66,ES,few clouds
610,Agogo,6.8,-1.0819,297.01,88,70,3.59,GH,broken clouds
611,The Valley,18.217,-63.0578,299.15,83,20,4.12,AI,few clouds
612,Shache,38.4167,77.2406,270.38,82,78,0.42,CN,broken clouds
613,Lapeer,43.0514,-83.3188,265.15,67,90,4.12,US,overcast clouds
614,Nantucket,41.2835,-70.0995,277.15,65,1,10.29,US,clear sky
615,Sola,-13.8833,167.55,301.02,71,34,2.1,VU,scattered clouds
616,Talcahuano,-36.7167,-73.1167,289.15,82,90,1.54,CL,overcast clouds
617,Xingyi,24.1877,102.817,281.32,96,17,0.98,CN,few clouds
618,Tessalit,20.1986,1.0114,295.24,18,89,5.92,ML,overcast clouds
619,Morondava,-20.2833,44.2833,299.76,82,87,3.39,MG,light rain
620,Yeppoon,-23.1333,150.7333,304.15,58,81,3.09,AU,broken clouds
621,Trelew,-43.249,-65.3051,287.85,65,68,10.47,AR,broken clouds
622,Hay River,60.8156,-115.7999,238.15,61,65,1.54,CA,broken clouds
623,Sorland,67.667,12.6934,274.95,81,79,8.83,NO,broken clouds
624,Ilhabela,-23.7781,-45.3581,295.65,76,58,1.35,BR,broken clouds
625,Lagos,6.5833,3.75,300.13,87,72,2.58,NG,broken clouds
626,Sarahan,31.5167,77.8,274.24,56,0,6.23,IN,clear sky
627,Qui Nhon,13.7667,109.2333,294.22,89,87,3.17,VN,overcast clouds
628,Kieta,-6.2167,155.6333,303.58,64,46,3.07,PG,scattered clouds
629,Puerto Carreno,6.189,-67.4859,303.57,47,95,6.25,CO,overcast clouds
630,Matane,48.8286,-67.522,270.15,74,47,16.98,CA,scattered clouds
631,Nago,26.5881,127.9761,293.15,77,40,5.14,JP,scattered clouds
632,Ust-Tsilma,65.441,52.1498,237.48,81,84,4.23,RU,broken clouds
633,Saint-Pierre,-21.3393,55.4781,299.15,78,40,2.57,RE,light rain
634,Hofn,64.2539,-15.2082,273.63,91,98,8.31,IS,snow
635,Zhezkazgan,47.8043,67.7144,265.16,95,68,7.76,KZ,broken clouds
636,Weyburn,49.6668,-103.8511,246.15,63,42,3.6,CA,scattered clouds
637,Sao Jose Da Coroa Grande,-8.8978,-35.1478,299.24,81,65,4.97,BR,broken clouds
638,Banjar,-8.19,114.9675,299.15,94,20,1.03,ID,few clouds
639,Krasnoselkup,65.7,82.4667,249.81,89,99,6.02,RU,overcast clouds
640,Grindavik,63.8424,-22.4338,274.15,64,0,10.29,IS,clear sky
641,Kroya,-7.6331,109.2461,299.06,80,37,0.91,ID,scattered clouds
642,Bobcaygeon,44.5462,-78.542,265.15,73,75,2.57,CA,broken clouds
643,Khonsa,27.0167,95.5667,283.25,74,5,1.57,IN,clear sky
644,Teyateyaneng,-29.1472,27.7489,288.53,85,99,1.24,LS,overcast clouds
645,Lazaro Cardenas,17.9583,-102.2,299.35,64,0,2.32,MX,clear sky
646,Yazd,31.8972,54.3675,283.15,46,20,2.06,IR,few clouds
647,Huarmey,-10.0681,-78.1522,295.13,76,80,3.83,PE,broken clouds
648,Lerwick,60.1545,-1.1494,274.15,60,90,7.2,GB,light snow
649,Angoram,-4.0625,144.0661,300.51,84,99,1.24,PG,overcast clouds
650,Vila Do Maio,15.1333,-23.2167,293.15,64,75,10.29,CV,broken clouds
651,Thinadhoo,0.5333,72.9333,300.47,75,8,5.46,MV,clear sky
652,Ossora,59.2353,163.0719,268.59,97,100,16.09,RU,snow
653,Riyadh,24.6877,46.7219,287.15,72,0,3.6,SA,clear sky
654,Westport,41.1415,-73.3579,278.15,38,1,5.14,US,clear sky
655,Jibuti,11.5,42.5,297.15,73,75,2.81,DJ,broken clouds
656,Yerbogachen,61.2767,108.0108,253.22,91,97,3.58,RU,overcast clouds
657,Numata,36.6333,139.05,278.15,56,0,3.58,JP,clear sky
658,Klaksvik,62.2266,-6.589,275.15,60,20,8.75,FO,few clouds
659,Gazojak,41.1875,61.4036,277.43,68,92,0.54,TM,overcast clouds
660,Kavaratti,10.5669,72.642,300.46,62,12,4.74,IN,few clouds
661,Enumclaw,47.2043,-121.9915,282.59,90,94,7.15,US,overcast clouds
662,Wanning,18.8003,110.3967,292.93,86,10,1.54,CN,clear sky
663,Plainview,40.7765,-73.4673,278.15,42,1,4.12,US,clear sky
664,Teahupoo,-17.8333,-149.2667,302.15,61,20,5.66,PF,light rain
665,Petlad,22.4667,72.8,288.15,47,0,3.09,IN,smoke
666,Shelburne,44.0787,-80.2041,266.15,63,90,5.66,CA,overcast clouds
667,Yuksekova,37.5736,44.2872,272.15,93,0,2.06,TR,clear sky
668,Cambrils,41.0748,1.0524,284.26,71,0,4.63,ES,clear sky
669,Bulawayo,-20.15,28.5833,291.99,90,100,3.45,ZW,light rain
670,Arona,28.0996,-16.681,289.26,67,20,3.6,ES,few clouds
671,Alugan,12.2188,125.4808,299.97,85,95,6.45,PH,overcast clouds
672,Adrar,20.5022,-10.0711,287.41,39,99,4.94,MR,overcast clouds
673,Xiantao,30.3833,113.4,284.49,70,72,2.18,CN,broken clouds
674,Yei,4.095,30.6779,290.99,28,6,0.72,SS,clear sky
675,Maniitsoq,65.4167,-52.9,271.14,80,0,9.66,GL,clear sky
676,Moron,-34.6534,-58.6198,301.48,44,0,0.89,AR,clear sky
677,Port Hedland,-20.3167,118.5667,299.15,78,0,2.57,AU,clear sky